date,open,high,low,close,amount,volume,code
2022-01-04 00:00:00,3649.15,3651.89,3610.09,3632.33,510251073536,405027769,sh000001
2022-01-05 00:00:00,3628.26,3628.26,3583.47,3595.18,538963640320,423902028,sh000001
2022-01-06 00:00:00,3581.22,3594.49,3559.88,3586.08,474284294144,371540543,sh000001
2022-01-07 00:00:00,3588.99,3607.23,3577.1,3579.54,502891446272,436306961,sh000001
2022-01-10 00:00:00,3572.74,3593.52,3555.13,3593.52,443400847360,356222610,sh000001
2022-01-11 00:00:00,3589.9,3602.15,3562.75,3567.44,441300582400,359761863,sh000001
2022-01-12 00:00:00,3578.16,3599.5,3572.1,3597.43,435817906176,343132956,sh000001
2022-01-13 00:00:00,3601.03,3601.07,3555.16,3555.26,457005432832,369368365,sh000001
2022-01-14 00:00:00,3544.07,3548.42,3519.32,3521.26,463197634560,376937024,sh000001
2022-01-17 00:00:00,3522.09,3546.09,3519.43,3541.67,438272983040,312886733,sh000001
2022-01-18 00:00:00,3541.89,3579.31,3531.33,3569.91,470832054272,377146435,sh000001
2022-01-19 00:00:00,3567.63,3578.74,3541.66,3558.18,420763369472,333235269,sh000001
2022-01-20 00:00:00,3556.23,3576.26,3540.55,3555.06,459701846016,379509846,sh000001
2022-01-21 00:00:00,3546.75,3547,3514.89,3522.57,417768931328,326534880,sh000001
2022-01-24 00:00:00,3508.24,3531.61,3500.14,3524.11,358009700352,280268342,sh000001
2022-01-25 00:00:00,3509.28,3519.83,3433.06,3433.06,383727730688,327353813,sh000001
2022-01-26 00:00:00,3442.69,3462.12,3417.76,3455.67,338312364032,275122828,sh000001
2022-01-27 00:00:00,3456.1,3456.36,3392.02,3394.25,346533953536,280606534,sh000001
2022-01-28 00:00:00,3407.59,3417.05,3356.56,3361.44,353774600192,290855257,sh000001
2022-02-07 00:00:00,3407.76,3434.03,3407.76,3429.58,357140430848,320485211,sh000001
2022-02-08 00:00:00,3428.54,3453.19,3390.46,3452.63,387969875968,366093865,sh000001
2022-02-09 00:00:00,3450.82,3484.74,3444.08,3479.95,393720004608,350249936,sh000001
2022-02-10 00:00:00,3481.91,3488.86,3464.22,3485.91,404969422848,355666267,sh000001
2022-02-11 00:00:00,3472.28,3500.15,3459.33,3462.95,426297917440,361356090,sh000001
2022-02-14 00:00:00,3451.85,3457.26,3415.45,3428.88,361677848576,315274448,sh000001
2022-02-15 00:00:00,3428.04,3447.49,3421.64,3446.09,341638873088,275559322,sh000001
2022-02-16 00:00:00,3457.07,3475.06,3453.8,3465.83,325563416576,274993913,sh000001
2022-02-17 00:00:00,3464.21,3480.97,3454.28,3468.04,355783114752,297262682,sh000001
2022-02-18 00:00:00,3451.63,3490.76,3447.03,3490.76,327220396032,295149963,sh000001
2022-02-21 00:00:00,3488.41,3492.2,3471.69,3490.61,345398575104,301541740,sh000001
2022-02-22 00:00:00,3473.29,3473.39,3437.67,3457.15,387678928896,326279484,sh000001
2022-02-23 00:00:00,3458.51,3490.76,3458.18,3489.15,415630327808,325604895,sh000001
2022-02-24 00:00:00,3474.37,3486.98,3400.21,3429.96,569794035712,488354901,sh000001
2022-02-25 00:00:00,3445.34,3480.18,3440.93,3451.41,441659490304,377542556,sh000001
2022-02-28 00:00:00,3450.32,3462.31,3425.52,3462.31,413804527616,345838388,sh000001
2022-03-01 00:00:00,3471.36,3491.13,3465.72,3488.83,412562456576,326001662,sh000001
2022-03-02 00:00:00,3478.29,3486.62,3467,3484.19,380143828992,329367684,sh000001
2022-03-03 00:00:00,3495.93,3500.29,3473.34,3481.11,443621769216,412594289,sh000001
2022-03-04 00:00:00,3459.98,3474.88,3437.7,3447.65,430669070336,393526581,sh000001
2022-03-07 00:00:00,3438.56,3438.56,3360.74,3372.86,458156900352,393588999,sh000001
2022-03-08 00:00:00,3372.55,3383.63,3287.34,3293.53,485623595008,415926766,sh000001
2022-03-09 00:00:00,3303.71,3321.48,3147.68,3256.39,519833288704,466285569,sh000001
2022-03-10 00:00:00,3312.18,3326.58,3291.24,3296.09,466084003840,378336376,sh000001
2022-03-11 00:00:00,3259.32,3315.66,3217.42,3309.75,458687053824,384067127,sh000001
2022-03-14 00:00:00,3271.89,3297.8,3223.53,3223.53,418055585792,337968687,sh000001
2022-03-15 00:00:00,3192.36,3196.92,3063.97,3063.97,508158410752,465037164,sh000001
2022-03-16 00:00:00,3107.67,3177.79,3023.3,3170.71,522305339392,444667189,sh000001
2022-03-17 00:00:00,3215.01,3260.17,3202.93,3215.04,532549468160,420813458,sh000001
2022-03-18 00:00:00,3207.15,3260.78,3197.36,3251.07,428415090688,373035611,sh000001
2022-03-21 00:00:00,3255.62,3267.5,3223.39,3253.69,421076303872,354228488,sh000001
2022-03-22 00:00:00,3249.54,3279.11,3239.53,3259.86,402798968832,361196158,sh000001
2022-03-23 00:00:00,3264.79,3279.89,3251.98,3271.03,405422047232,349875370,sh000001
2022-03-24 00:00:00,3256.06,3266.89,3236.66,3250.26,390727532544,329006654,sh000001
2022-03-25 00:00:00,3247.16,3257.11,3211.64,3212.24,389770412032,340020006,sh000001
2022-03-28 00:00:00,3185.17,3230.22,3159.83,3214.5,374472278016,344994873,sh000001
2022-03-29 00:00:00,3216.01,3229.18,3196.46,3203.94,363964465152,316273649,sh000001
2022-03-30 00:00:00,3217.59,3266.6,3216.3,3266.6,413008953344,366753677,sh000001
2022-03-31 00:00:00,3256.14,3272.04,3246.06,3252.2,428089049088,398439934,sh000001
2022-04-01 00:00:00,3234.67,3287.23,3226.3,3282.72,405675704320,378210460,sh000001
2022-04-06 00:00:00,3269.43,3288.11,3255.69,3283.43,433556389888,429642779,sh000001
2022-04-07 00:00:00,3267.81,3290.26,3236.48,3236.7,398081851392,402626660,sh000001
2022-04-08 00:00:00,3239.88,3257.09,3208.35,3251.85,414037245952,413826799,sh000001
2022-04-11 00:00:00,3239.86,3239.86,3156.51,3167.13,435129516032,424160185,sh000001
2022-04-12 00:00:00,3165.12,3214.54,3140.9,3213.33,422455836672,418321923,sh000001
2022-04-13 00:00:00,3199.8,3225.47,3183.53,3186.82,398216888320,391156925,sh000001
2022-04-14 00:00:00,3203.63,3240,3200.23,3225.64,401191632896,371242344,sh000001
2022-04-15 00:00:00,3210.7,3229.87,3200.13,3211.25,413498834944,407842082,sh000001
2022-04-18 00:00:00,3185.94,3204.03,3166.98,3195.52,366380810240,347365123,sh000001
2022-04-19 00:00:00,3192.09,3207.83,3174.71,3194.03,362769874944,339944104,sh000001
2022-04-20 00:00:00,3189.89,3191.83,3142.05,3151.05,373572698112,362047037,sh000001
2022-04-21 00:00:00,3138.43,3160.9,3069.68,3079.81,396542050304,391934694,sh000001
2022-04-22 00:00:00,3058.4,3105.66,3049.36,3086.92,348793634816,342000563,sh000001
2022-04-25 00:00:00,3034.27,3043.82,2928.51,2928.51,427077206016,433606108,sh000001
2022-04-26 00:00:00,2930.45,2957.68,2878.26,2886.43,395985977344,401615154,sh000001
2022-04-27 00:00:00,2866.82,2959.18,2863.65,2958.28,422928351232,423060191,sh000001
2022-04-28 00:00:00,2945.81,2991.51,2936.79,2975.48,388743036928,375371775,sh000001
2022-04-29 00:00:00,2986.06,3048.49,2968.33,3047.06,440422727680,423932794,sh000001
2022-05-05 00:00:00,3044.85,3082.23,3042.12,3067.76,409352011776,383072875,sh000001
2022-05-06 00:00:00,3011.32,3030.69,2992.72,3001.56,346214400000,343264218,sh000001
2022-05-09 00:00:00,2990.2,3015.94,2983.61,3004.14,299983273984,292061556,sh000001
2022-05-10 00:00:00,2965.78,3043.78,2957.4,3035.84,384012582912,370660980,sh000001
2022-05-11 00:00:00,3035.39,3100.9,3034.67,3058.7,472963383296,423991912,sh000001
2022-05-12 00:00:00,3044.8,3072.16,3032.95,3054.99,368879665152,344440477,sh000001
2022-05-13 00:00:00,3068.03,3086.1,3059.25,3084.28,340942192640,331737852,sh000001
2022-05-16 00:00:00,3100.55,3102.58,3063.4,3073.75,348957704192,338108492,sh000001
2022-05-17 00:00:00,3076.5,3093.7,3057.64,3093.7,351671287808,330356537,sh000001
2022-05-18 00:00:00,3095.89,3105.84,3071.31,3085.98,338849169408,315037923,sh000001
2022-05-19 00:00:00,3046.71,3096.96,3042.67,3096.96,360018214912,336600749,sh000001
2022-05-20 00:00:00,3107.09,3146.57,3107.09,3146.57,415306219520,372336636,sh000001
2022-05-23 00:00:00,3150.49,3150.51,3127.9,3146.86,381178576896,353376325,sh000001
2022-05-24 00:00:00,3149.06,3153.13,3070.93,3070.93,438605381632,416312158,sh000001
2022-05-25 00:00:00,3070.17,3107.63,3069.95,3107.46,342322151424,342259227,sh000001
2022-05-26 00:00:00,3111.48,3133.28,3079.48,3123.11,377364643840,370305518,sh000001
2022-05-27 00:00:00,3135.03,3151.05,3112.54,3130.24,372631601152,359463866,sh000001
2022-05-30 00:00:00,3141.96,3150.89,3123.15,3149.06,376667701248,349362285,sh000001
2022-05-31 00:00:00,3149.94,3188.6,3142,3186.43,432528031744,374523265,sh000001
2022-06-01 00:00:00,3179.69,3190.61,3160.04,3182.16,402419941376,365664432,sh000001
2022-06-02 00:00:00,3170.31,3197.28,3163.76,3195.46,413729259520,361770632,sh000001
2022-06-06 00:00:00,3196.96,3237.07,3181.65,3236.37,517314347008,422027835,sh000001
2022-06-07 00:00:00,3235.42,3253.09,3222.64,3241.76,482203205632,402203220,sh000001
2022-06-08 00:00:00,3245.02,3266.63,3216.01,3263.79,508408528896,434183270,sh000001
2022-06-09 00:00:00,3259.49,3270.56,3223.48,3238.95,468458209280,422728372,sh000001
2022-06-10 00:00:00,3214.18,3286.62,3210.81,3284.83,504153669632,439865730,sh000001
2022-06-13 00:00:00,3256.28,3272.99,3229.31,3255.55,511966183424,438578312,sh000001
2022-06-14 00:00:00,3224.21,3289.13,3195.82,3288.91,513845002240,450388187,sh000001
2022-06-15 00:00:00,3289.1,3358.55,3288.85,3305.41,621972553728,550584131,sh000001
2022-06-16 00:00:00,3306.84,3319.69,3277.53,3285.38,506053984256,433220868,sh000001
2022-06-17 00:00:00,3265.51,3323.28,3262.89,3316.79,497252171776,395300700,sh000001
2022-06-20 00:00:00,3315.78,3333.9,3292.93,3315.43,527751774208,413460410,sh000001
2022-06-21 00:00:00,3313.79,3329.39,3279.83,3306.72,471793631232,394456891,sh000001
2022-06-22 00:00:00,3309.12,3311.02,3266.54,3267.2,440851005440,375529782,sh000001
2022-06-23 00:00:00,3269.05,3320.15,3262.29,3320.15,474200113152,400614211,sh000001
2022-06-24 00:00:00,3324.74,3356.71,3322.95,3349.75,509615996928,390819734,sh000001
2022-06-27 00:00:00,3364,3393.31,3364,3379.19,541573840896,414117738,sh000001
2022-06-28 00:00:00,3377.68,3412.1,3358.87,3409.21,525512507392,412056516,sh000001
2022-06-29 00:00:00,3399.68,3414.65,3358.47,3361.52,561306992640,440573559,sh000001
2022-06-30 00:00:00,3358.93,3417.01,3358.93,3398.62,510307205120,381243178,sh000001
2022-07-01 00:00:00,3400.26,3404.05,3378.36,3387.64,458435297280,350489299,sh000001
2022-07-04 00:00:00,3381.82,3405.62,3364.09,3405.43,489347940352,357737919,sh000001
2022-07-05 00:00:00,3411.13,3424.84,3372.06,3404.03,516605706240,411699672,sh000001
2022-07-06 00:00:00,3391.03,3391.03,3333.1,3355.35,487474659328,384630047,sh000001
2022-07-07 00:00:00,3353.13,3375.86,3332.31,3364.4,438203121664,334400202,sh000001
2022-07-08 00:00:00,3380.37,3386.31,3354.12,3356.08,421883936768,322921072,sh000001
2022-07-11 00:00:00,3341.1,3341.1,3297.01,3313.58,424942272512,342669193,sh000001
2022-07-12 00:00:00,3307.22,3319.25,3277.08,3281.47,410950565888,334600539,sh000001
2022-07-13 00:00:00,3279.6,3297.02,3266.48,3284.29,394134618112,331845669,sh000001
2022-07-14 00:00:00,3277.45,3299.25,3261.49,3281.74,431969337344,355926432,sh000001
2022-07-15 00:00:00,3261.38,3288.92,3228.06,3228.06,460877004800,380156371,sh000001
2022-07-18 00:00:00,3235.09,3278.47,3226.23,3278.1,423357284352,348346022,sh000001
2022-07-19 00:00:00,3278.72,3283.93,3256.02,3279.43,396042371072,315651918,sh000001
2022-07-20 00:00:00,3291.55,3308.35,3287.74,3304.72,383422758912,301515123,sh000001
2022-07-21 00:00:00,3297.66,3300.53,3272,3272,420696588288,332358707,sh000001
2022-07-22 00:00:00,3276.2,3293.64,3246.73,3269.97,383576014848,300690066,sh000001
2022-07-25 00:00:00,3269.71,3273.18,3243.03,3250.39,348281864192,271245744,sh000001
2022-07-26 00:00:00,3254.19,3282.41,3246.04,3277.44,334421590016,259468676,sh000001
2022-07-27 00:00:00,3271.78,3282.57,3265.73,3275.76,339768246272,249131485,sh000001
2022-07-28 00:00:00,3287.5,3305.71,3277.11,3282.58,395925553152,288055056,sh000001
2022-07-29 00:00:00,3282.81,3294.8,3246.37,3253.24,410553090048,307331047,sh000001
2022-08-01 00:00:00,3246.62,3264.3,3225.55,3259.96,399000240128,292204805,sh000001
2022-08-02 00:00:00,3231.26,3231.26,3155.19,3186.27,475962703872,394176168,sh000001
2022-08-03 00:00:00,3188.89,3217.55,3159.46,3163.67,455409762304,324885673,sh000001
2022-08-04 00:00:00,3179.43,3191,3155.7,3189.04,371146915840,260898943,sh000001
2022-08-05 00:00:00,3195.23,3228.89,3184.45,3227.03,414055628800,274683729,sh000001
2022-08-08 00:00:00,3218.85,3237.97,3214.08,3236.93,392277164032,254268050,sh000001
2022-08-09 00:00:00,3235.74,3248.77,3227.54,3247.43,391415562240,259605467,sh000001
2022-08-10 00:00:00,3242.36,3253.17,3217.81,3230.02,390066110464,257583592,sh000001
2022-08-11 00:00:00,3243.47,3281.67,3237.9,3281.67,427399151616,300605376,sh000001
2022-08-12 00:00:00,3275.77,3288.22,3272.84,3276.89,403906166784,299932928,sh000001
2022-08-15 00:00:00,3268.37,3286.89,3261.82,3276.09,387257729024,287106773,sh000001
2022-08-16 00:00:00,3278.68,3295.02,3271.57,3277.88,409210093568,303592274,sh000001
2022-08-17 00:00:00,3282.1,3296,3263.35,3292.53,423858995200,326124759,sh000001
2022-08-18 00:00:00,3286.37,3289.14,3270.56,3277.54,418075213824,301694778,sh000001
2022-08-19 00:00:00,3275.62,3286.49,3258.06,3258.08,457863364608,333535471,sh000001
2022-08-22 00:00:00,3249.7,3278.17,3247.19,3277.79,427653300224,314537869,sh000001
2022-08-23 00:00:00,3274.43,3284.6,3262.63,3276.22,418311733248,316566356,sh000001
2022-08-24 00:00:00,3279.17,3281.88,3212.39,3215.2,458360291328,366140577,sh000001
2022-08-25 00:00:00,3223.46,3248.35,3199.12,3246.25,419464282112,336196165,sh000001
2022-08-26 00:00:00,3250.63,3266.27,3232.28,3236.22,397556252672,309927554,sh000001
2022-08-29 00:00:00,3203.1,3240.73,3199,3240.73,363729977344,297015097,sh000001
2022-08-30 00:00:00,3240.18,3243.75,3212.63,3227.22,353775681536,294318914,sh000001
2022-08-31 00:00:00,3216.53,3232.02,3184.39,3202.14,431758016512,344408829,sh000001
2022-09-01 00:00:00,3196.54,3214.56,3181.63,3184.98,336978640896,274660541,sh000001
2022-09-02 00:00:00,3189.64,3198.28,3173.79,3186.48,313337610240,250456911,sh000001
2022-09-05 00:00:00,3183.95,3199.91,3172.04,3199.91,339591528448,280675633,sh000001
2022-09-06 00:00:00,3207.93,3244.64,3203.82,3243.45,378636075008,318869689,sh000001
2022-09-07 00:00:00,3232.14,3253.77,3227.82,3246.29,368608739328,301014466,sh000001
2022-09-08 00:00:00,3245.56,3253.7,3233.8,3235.59,328657076224,281680358,sh000001
2022-09-09 00:00:00,3241.18,3266.2,3236.51,3262.05,338566709248,283827665,sh000001
2022-09-13 00:00:00,3272.05,3278.17,3259.66,3263.8,339021889536,276189823,sh000001
2022-09-14 00:00:00,3224.68,3250.8,3221.96,3237.54,306452824064,255193365,sh000001
2022-09-15 00:00:00,3248.97,3254.18,3174.39,3199.92,392490582016,325206121,sh000001
2022-09-16 00:00:00,3189.83,3191.83,3126.4,3126.4,355085352960,316475893,sh000001
2022-09-19 00:00:00,3122.75,3135.56,3101.22,3115.6,289918812160,249113662,sh000001
2022-09-20 00:00:00,3127.84,3140.03,3114.04,3122.41,268600295424,219942534,sh000001
2022-09-21 00:00:00,3116.01,3129.82,3091.3,3117.18,269513752576,232972496,sh000001
2022-09-22 00:00:00,3098.77,3125.68,3092.82,3108.91,269978599424,221140689,sh000001
2022-09-23 00:00:00,3106.81,3124.66,3072.24,3088.37,285552902144,243057719,sh000001
2022-09-26 00:00:00,3067.57,3102.65,3048.51,3051.23,293536432128,262698628,sh000001
2022-09-27 00:00:00,3056.39,3094.04,3048.37,3093.86,290065711104,232735303,sh000001
2022-09-28 00:00:00,3089.1,3089.1,3044.86,3045.07,276039729152,230098650,sh000001
2022-09-29 00:00:00,3067.47,3076.76,3026.08,3041.2,276441071616,230030416,sh000001
2022-09-30 00:00:00,3042.17,3054.61,3021.93,3024.39,240262774784,204115336,sh000001
2022-10-10 00:00:00,3026.94,3029.45,2968.28,2974.15,290120040448,243404828,sh000001
2022-10-11 00:00:00,2978.06,2986.91,2953.5,2979.79,246715629568,208635950,sh000001
2022-10-12 00:00:00,2976.72,3025.51,2934.09,3025.51,306871336960,248013557,sh000001
2022-10-13 00:00:00,3008.3,3036.25,3004.5,3016.36,317764796416,249683281,sh000001
2022-10-14 00:00:00,3035.03,3084.27,3035.03,3071.99,372050690048,277304061,sh000001
2022-10-17 00:00:00,3060.52,3087.19,3052.71,3084.94,349214474240,262608618,sh000001
2022-10-18 00:00:00,3094.93,3099.92,3074.22,3080.96,326002900992,245634757,sh000001
2022-10-19 00:00:00,3073.26,3081.39,3044.38,3044.38,313108332544,230895310,sh000001
2022-10-20 00:00:00,3029.3,3070.26,3013.69,3035.05,340091338752,244736145,sh000001
2022-10-21 00:00:00,3038.04,3055.42,3026.96,3038.93,315110981632,245254122,sh000001
2022-10-24 00:00:00,3034.75,3064.42,2965.17,2977.56,394725949440,298085356,sh000001
2022-10-25 00:00:00,2969.16,3001.72,2944.26,2976.28,337519280128,255554160,sh000001
2022-10-26 00:00:00,2977.56,3028.35,2977.56,2999.5,372845281280,268689492,sh000001
2022-10-27 00:00:00,3005.04,3017.26,2981.69,2982.9,381330358272,265608254,sh000001
2022-10-28 00:00:00,2967.02,2974.24,2908.98,2915.93,385261371392,292531308,sh000001
2022-10-31 00:00:00,2893.2,2926.02,2885.09,2893.48,396654149632,301994203,sh000001
2022-11-01 00:00:00,2899.5,2969.2,2896.76,2969.2,431015886848,319809578,sh000001
2022-11-02 00:00:00,2960.65,3019.05,2954.95,3003.37,457581527040,325078248,sh000001
2022-11-03 00:00:00,2981.2,3003.72,2977.72,2997.81,370653298688,259348567,sh000001
2022-11-04 00:00:00,2997,3081.59,2997,3070.8,458770087936,329806740,sh000001
2022-11-07 00:00:00,3062.86,3088.19,3054.46,3077.82,424429125632,320567097,sh000001
2022-11-08 00:00:00,3077.31,3078.28,3047.46,3064.49,338966937600,256522007,sh000001
2022-11-09 00:00:00,3064.46,3073.92,3046.19,3048.17,306860883968,235637324,sh000001
2022-11-10 00:00:00,3031.69,3047.98,3022.85,3036.13,335925903360,270371798,sh000001
2022-11-11 00:00:00,3099.65,3117.74,3070.3,3087.29,513784610816,409604534,sh000001
2022-11-14 00:00:00,3100.87,3121.41,3075.22,3083.4,454546718720,361788216,sh000001
2022-11-15 00:00:00,3081.13,3135.59,3074.5,3134.08,446460002304,331470577,sh000001
2022-11-16 00:00:00,3133.65,3145.75,3115.35,3119.98,386992898048,303429844,sh000001
2022-11-17 00:00:00,3110.96,3115.44,3087.17,3115.43,377900105728,287028407,sh000001
2022-11-18 00:00:00,3116.73,3126.71,3096.89,3097.24,389207392256,299954276,sh000001
2022-11-21 00:00:00,3078.06,3085.24,3056.17,3085.04,345025511424,256045549,sh000001
2022-11-22 00:00:00,3084.23,3118.12,3076.32,3088.94,374142828544,327565927,sh000001
2022-11-23 00:00:00,3084.74,3108.24,3075.32,3096.91,356400857088,326155449,sh000001
2022-11-24 00:00:00,3104.1,3113.24,3084.86,3089.31,308190183424,267482928,sh000001
2022-11-25 00:00:00,3085.46,3111.42,3077.97,3101.69,325426348032,311431979,sh000001
2022-11-28 00:00:00,3055.29,3080.18,3034.7,3078.55,338549342208,305811284,sh000001
2022-11-29 00:00:00,3096.11,3152,3096.11,3149.75,439102603264,391449748,sh000001
2022-11-30 00:00:00,3141.4,3158.57,3137.37,3151.34,404504379392,372718321,sh000001
2022-12-01 00:00:00,3187.99,3198.41,3164.53,3165.47,462184972288,387013056,sh000001
2022-12-02 00:00:00,3160.58,3170.9,3149.84,3156.14,366318682112,307812484,sh000001
2022-12-05 00:00:00,3181.92,3213.44,3177.06,3211.81,479203622912,447398437,sh000001
2022-12-06 00:00:00,3200.28,3224.82,3195.08,3212.53,435248693248,373590296,sh000001
2022-12-07 00:00:00,3204.94,3226.08,3188.67,3199.62,402146131968,354113078,sh000001
2022-12-08 00:00:00,3196.02,3206.72,3187.26,3197.35,364935610368,320969294,sh000001
2022-12-09 00:00:00,3197.12,3212.11,3182.91,3206.95,447750209536,373343209,sh000001
2022-12-12 00:00:00,3195.87,3196.72,3176.58,3179.04,394919608320,333381792,sh000001
2022-12-13 00:00:00,3179.44,3187.2,3171.48,3176.33,333539770368,285821200,sh000001
2022-12-14 00:00:00,3178.55,3189.84,3168.59,3176.53,333950681088,265623569,sh000001
2022-12-15 00:00:00,3177.2,3179.1,3158.45,3168.65,305204985856,243023333,sh000001
2022-12-16 00:00:00,3156.13,3175.35,3151.61,3167.86,307227754496,259771795,sh000001
2022-12-19 00:00:00,3165.31,3170.26,3096.1,3107.12,307934625792,278513541,sh000001
2022-12-20 00:00:00,3098.95,3100.75,3061.51,3073.77,261716066304,218836766,sh000001
2022-12-21 00:00:00,3078.33,3085.8,3060.55,3068.41,226852798464,189067920,sh000001
2022-12-22 00:00:00,3085.8,3096.24,3044.6,3054.43,266315481088,223639537,sh000001
2022-12-23 00:00:00,3038.84,3061.87,3031.54,3045.87,233335242752,192020305,sh000001
2022-12-26 00:00:00,3048.2,3071.84,3047.35,3065.56,255470272512,206503893,sh000001
2022-12-27 00:00:00,3077.75,3098.08,3074.31,3095.57,267946786816,222218322,sh000001
2022-12-28 00:00:00,3088.62,3098.65,3079.43,3087.4,260508532736,224554151,sh000001
2022-12-29 00:00:00,3076.73,3086,3064.46,3073.7,253916987392,215570676,sh000001
2022-12-30 00:00:00,3084.52,3096.31,3082.2,3089.26,250355957760,217545344,sh000001
2023-01-03 00:00:00,3087.51,3119.86,3073.05,3116.51,331392122880,281370362,sh000001
2023-01-04 00:00:00,3117.57,3129.09,3109.45,3123.52,316391227392,273313626,sh000001
2023-01-05 00:00:00,3132.76,3159.43,3130.23,3155.22,335635939328,257003018,sh000001
2023-01-06 00:00:00,3155.07,3170.74,3151.84,3157.64,338539839488,257380255,sh000001
2023-01-09 00:00:00,3169.37,3183.58,3165.43,3176.08,342693773312,258115218,sh000001
2023-01-10 00:00:00,3178.02,3178.16,3165.14,3169.51,310357688320,232984175,sh000001
2023-01-11 00:00:00,3172.38,3184.76,3160.89,3161.84,309248884736,237742869,sh000001
2023-01-12 00:00:00,3167.27,3171.59,3153.4,3163.45,275371851776,216671305,sh000001
2023-01-13 00:00:00,3170.35,3195.31,3167.51,3195.31,288062504960,220226897,sh000001
2023-01-16 00:00:00,3198.52,3251.37,3197.32,3227.59,413219651584,306749549,sh000001
2023-01-17 00:00:00,3229.44,3231.26,3211.76,3224.24,302611791872,226592230,sh000001
2023-01-18 00:00:00,3227.59,3234.82,3220.37,3224.41,266068180992,212109730,sh000001
2023-01-19 00:00:00,3221.52,3240.28,3210.38,3240.28,296815558656,226465030,sh000001
2023-01-20 00:00:00,3247.2,3267.06,3247.2,3264.81,329028173824,273219182,sh000001
2023-01-30 00:00:00,3308.87,3310.49,3266.76,3269.32,453177016320,353325829,sh000001
2023-01-31 00:00:00,3266.14,3277.25,3252.01,3255.67,375260741632,300162957,sh000001
2023-02-01 00:00:00,3262.2,3284.92,3245.41,3284.92,413395189760,339509410,sh000001
2023-02-02 00:00:00,3291.78,3295.76,3272.41,3285.67,428662816768,333413133,sh000001
2023-02-03 00:00:00,3275.66,3275.66,3235.35,3263.41,378648526848,293342814,sh000001
2023-02-06 00:00:00,3244.7,3250.35,3226.21,3238.7,349127278592,267053107,sh000001
2023-02-07 00:00:00,3245.23,3250.03,3233.83,3248.09,321257635840,250946450,sh000001
2023-02-08 00:00:00,3251.5,3257.11,3230.44,3232.11,293332746240,234530481,sh000001
2023-02-09 00:00:00,3227.73,3270.38,3225.77,3270.38,351760842752,254754529,sh000001
2023-02-10 00:00:00,3266.44,3269.99,3247.23,3260.67,341749858304,260626926,sh000001
2023-02-13 00:00:00,3256.99,3285.09,3252.63,3284.16,397011419136,297213188,sh000001
2023-02-14 00:00:00,3288.97,3293.73,3279.19,3293.28,355558064128,270974168,sh000001
2023-02-15 00:00:00,3294.02,3296.2,3274.55,3280.49,357621825536,269939123,sh000001
2023-02-16 00:00:00,3281.74,3308.83,3231.34,3249.03,468382515200,380863545,sh000001
2023-02-17 00:00:00,3244.73,3262.47,3223.26,3224.02,355625828352,278451237,sh000001
2023-02-20 00:00:00,3230.47,3291.04,3225.84,3290.34,397720322048,325007733,sh000001
2023-02-21 00:00:00,3291.63,3308.79,3282.44,3306.52,390691258368,324409449,sh000001
2023-02-22 00:00:00,3292.05,3307.03,3286.72,3291.15,320515604480,255403985,sh000001
2023-02-23 00:00:00,3293.52,3307.44,3275.36,3287.48,334364540928,262324304,sh000001
2023-02-24 00:00:00,3287.26,3288.39,3253.97,3267.16,308004356096,234206306,sh000001
2023-02-27 00:00:00,3257,3276.58,3251.72,3258.03,324605083648,242855344,sh000001
2023-02-28 00:00:00,3265.74,3280.42,3246.14,3279.61,318030151680,251625032,sh000001
2023-03-01 00:00:00,3279.14,3315.16,3272.04,3312.35,384387416064,318398704,sh000001
2023-03-02 00:00:00,3308.01,3320.74,3306.46,3310.65,389390630912,328520016,sh000001
2023-03-03 00:00:00,3314.77,3330.6,3302.62,3328.39,388860018688,343996919,sh000001
2023-03-06 00:00:00,3332.02,3333.06,3308.73,3322.03,431616819200,340530446,sh000001
2023-03-07 00:00:00,3320.21,3342.86,3284.41,3285.1,430081146880,389957956,sh000001
2023-03-08 00:00:00,3271.88,3283.25,3263.69,3283.25,312822169600,260443547,sh000001
2023-03-09 00:00:00,3285.94,3289.06,3260,3276.09,328825700352,264021859,sh000001
2023-03-10 00:00:00,3255.51,3262.15,3229.5,3230.08,342198583296,281135410,sh000001
2023-03-13 00:00:00,3228.12,3268.7,3228.12,3268.7,364414205952,294928087,sh000001
2023-03-14 00:00:00,3261.92,3262,3216.99,3245.31,409976274944,319906033,sh000001
2023-03-15 00:00:00,3261.03,3273.12,3256.86,3263.31,373276377088,305168798,sh000001
2023-03-16 00:00:00,3244.47,3257.43,3224.72,3226.89,392910209024,327389632,sh000001
2023-03-17 00:00:00,3245.26,3279.92,3240.16,3250.55,431983067136,343001022,sh000001
2023-03-20 00:00:00,3253.93,3267.99,3231.65,3234.91,480292405248,392517391,sh000001
2023-03-21 00:00:00,3240.84,3256,3237.89,3255.65,388047044608,301810779,sh000001
2023-03-22 00:00:00,3263.41,3279.39,3255.74,3265.75,382509088768,290840462,sh000001
2023-03-23 00:00:00,3258.78,3286.65,3252.99,3286.65,426564780032,306118393,sh000001
2023-03-24 00:00:00,3282.74,3282.74,3260.84,3265.65,430761607168,324513337,sh000001
2023-03-27 00:00:00,3261.82,3261.82,3229.7,3251.4,453585764352,337861206,sh000001
2023-03-28 00:00:00,3256.6,3264.1,3241.74,3245.38,396882935808,295682660,sh000001
2023-03-29 00:00:00,3253.62,3254.56,3229.58,3240.06,405542764544,296900508,sh000001
2023-03-30 00:00:00,3243.07,3263.74,3220.98,3261.25,401634263040,299898295,sh000001
2023-03-31 00:00:00,3263.41,3278.42,3260.04,3272.86,396689276928,283613746,sh000001
2023-04-03 00:00:00,3277.34,3299.73,3276.42,3296.4,513390575616,357676775,sh000001
2023-04-04 00:00:00,3297.18,3312.56,3290.99,3312.56,555811078144,385871617,sh000001
2023-04-06 00:00:00,3302.75,3314.53,3296.06,3312.63,506500153344,327155424,sh000001
2023-04-07 00:00:00,3312.48,3328.85,3308.06,3327.65,436372799488,283032247,sh000001
2023-04-10 00:00:00,3331.51,3332.72,3309.92,3315.36,516434329600,340819845,sh000001
2023-04-11 00:00:00,3317.08,3317.45,3298.25,3313.57,466895863808,320566055,sh000001
2023-04-12 00:00:00,3316.86,3330.71,3315.4,3327.18,482066169856,343025315,sh000001
2023-04-13 00:00:00,3321.27,3334.47,3309.25,3318.36,477587931136,347862106,sh000001
2023-04-14 00:00:00,3326.37,3340.08,3316.81,3338.15,478345428992,338299275,sh000001
2023-04-17 00:00:00,3337.06,3385.61,3336.39,3385.61,523790286848,402809926,sh000001
2023-04-18 00:00:00,3379.23,3396.17,3375.78,3393.33,474287374336,348399486,sh000001
2023-04-19 00:00:00,3391.35,3394.96,3364.64,3370.13,476496953344,346123443,sh000001
2023-04-20 00:00:00,3367.05,3371.37,3344.02,3367.03,499672383488,350354965,sh000001
2023-04-21 00:00:00,3364,3367.61,3301.26,3301.26,530517852160,387395098,sh000001
2023-04-24 00:00:00,3300.81,3303.09,3264.93,3275.41,473265995776,354255626,sh000001
2023-04-25 00:00:00,3276.4,3288.57,3229.45,3264.87,494240137216,380895729,sh000001
2023-04-26 00:00:00,3255.22,3277.98,3239.99,3264.1,480418136064,357917842,sh000001
2023-04-27 00:00:00,3256.23,3299.3,3253.11,3285.88,466175361024,341590534,sh000001
2023-04-28 00:00:00,3283.12,3324.88,3283.12,3323.27,514904621056,401554785,sh000001
2023-05-04 00:00:00,3306.48,3352.75,3302.03,3350.46,550494863360,483364916,sh000001
2023-05-05 00:00:00,3350.65,3364.14,3321.19,3334.5,499294437376,436504494,sh000001
2023-05-08 00:00:00,3340.99,3400.18,3340.99,3395,564661977088,534103659,sh000001
2023-05-09 00:00:00,3402.39,3418.95,3356.12,3357.67,619108499456,573013309,sh000001
2023-05-10 00:00:00,3347.7,3349.72,3305.25,3319.15,489553657856,451739731,sh000001
2023-05-11 00:00:00,3323.66,3333.25,3307.29,3309.55,401313955840,354258271,sh000001
2023-05-12 00:00:00,3304.46,3319.13,3271.43,3272.36,387081207808,347314983,sh000001
2023-05-15 00:00:00,3269.88,3310.74,3235.87,3310.74,431706865664,388045887,sh000001
2023-05-16 00:00:00,3310.16,3317.9,3282.49,3290.99,385386020864,322479410,sh000001
2023-05-17 00:00:00,3281.97,3298.52,3269.89,3284.23,340482654208,285744050,sh000001
2023-05-18 00:00:00,3288.41,3313.86,3284.17,3297.32,368435068928,309967472,sh000001
2023-05-19 00:00:00,3288.89,3302.34,3268.22,3283.54,359507951616,285404064,sh000001
2023-05-22 00:00:00,3278.6,3308.53,3276.54,3296.47,342448406528,273889998,sh000001
2023-05-23 00:00:00,3294.79,3298.23,3246.24,3246.24,324667932672,275279083,sh000001
2023-05-24 00:00:00,3237.7,3237.7,3204.38,3204.75,342677323776,288720257,sh000001
2023-05-25 00:00:00,3197.36,3207.02,3168.57,3201.26,347709243392,283588925,sh000001
2023-05-26 00:00:00,3198.88,3220.77,3179.82,3212.5,333319274496,261700479,sh000001
2023-05-29 00:00:00,3219.76,3230.97,3208.96,3221.45,377875988480,297389487,sh000001
2023-05-30 00:00:00,3214.67,3230.63,3186.63,3224.21,376622579712,303532460,sh000001
2023-05-31 00:00:00,3214.66,3216.36,3190.27,3204.56,384999194624,294573338,sh000001
2023-06-01 00:00:00,3196.15,3225.09,3189.52,3204.63,400981491712,312330759,sh000001
2023-06-02 00:00:00,3212.45,3233.99,3211.74,3230.07,377507938304,294667098,sh000001
2023-06-05 00:00:00,3231.81,3244.18,3221.63,3232.44,357810077696,278060203,sh000001
2023-06-06 00:00:00,3228.41,3247.35,3189.27,3195.34,387492216832,308285872,sh000001
2023-06-07 00:00:00,3197.47,3210.33,3188.01,3197.76,331083874304,258063400,sh000001
2023-06-08 00:00:00,3194.83,3225.53,3180.54,3213.59,353551646720,293530741,sh000001
2023-06-09 00:00:00,3213.03,3231.41,3206.1,3231.41,413341777920,314155501,sh000001
2023-06-12 00:00:00,3225.3,3239.44,3210.71,3228.83,403241631744,313784444,sh000001
2023-06-13 00:00:00,3223.9,3235.09,3215.5,3233.67,377193496576,280628454,sh000001
2023-06-14 00:00:00,3238.12,3248.46,3226.77,3228.99,404009517056,303537260,sh000001
2023-06-15 00:00:00,3230.45,3252.98,3229.15,3252.98,437522989056,313255752,sh000001
2023-06-16 00:00:00,3256.3,3276.55,3255.5,3273.33,444375629824,326281846,sh000001
2023-06-19 00:00:00,3271.16,3271.16,3251.78,3255.81,455226163200,327753047,sh000001
2023-06-20 00:00:00,3252.54,3252.84,3237.79,3240.36,433243979776,298260596,sh000001
2023-06-21 00:00:00,3230.11,3236.36,3197.9,3197.9,406234562560,294377372,sh000001
2023-06-26 00:00:00,3177.23,3181.08,3144.25,3150.62,398859665408,308129811,sh000001
2023-06-27 00:00:00,3153.31,3194.41,3148.27,3189.44,354487795712,287604327,sh000001
2023-06-28 00:00:00,3183.49,3192.66,3157.12,3189.38,360118190080,276231948,sh000001
2023-06-29 00:00:00,3185.42,3196.5,3179.53,3182.38,340636696576,250340074,sh000001
2023-06-30 00:00:00,3178.92,3212.99,3177.99,3202.06,359739555840,265379873,sh000001
2023-07-03 00:00:00,3209.16,3246.86,3209.16,3243.98,421353488384,312371395,sh000001
2023-07-04 00:00:00,3241.23,3246.96,3233.99,3245.35,387115941888,279248721,sh000001
2023-07-05 00:00:00,3240.05,3241.84,3218.6,3222.95,351234981888,264016426,sh000001
2023-07-06 00:00:00,3215.86,3229.48,3199.72,3205.57,320808321024,246119032,sh000001
2023-07-07 00:00:00,3197.47,3212.05,3189.21,3196.61,313607454720,255688469,sh000001
2023-07-10 00:00:00,3208.73,3216.53,3192.66,3203.7,311462494208,236560367,sh000001
2023-07-11 00:00:00,3211.12,3221.68,3200.38,3221.37,309950251008,227600467,sh000001
2023-07-12 00:00:00,3220.38,3224.33,3193.44,3196.13,365433192448,271423386,sh000001
2023-07-13 00:00:00,3202.7,3238.47,3202.7,3236.48,373242527744,276620508,sh000001
2023-07-14 00:00:00,3240.97,3248.38,3234,3237.7,368337813504,273327494,sh000001
2023-07-17 00:00:00,3219.02,3219.02,3195.89,3209.63,322074509312,250208376,sh000001
2023-07-18 00:00:00,3206.79,3210.25,3190,3197.82,307331661824,235030259,sh000001
2023-07-19 00:00:00,3195.01,3204.36,3181.56,3198.84,281206095872,217355860,sh000001
2023-07-20 00:00:00,3201.91,3209.06,3165.67,3169.52,302376026112,238932891,sh000001
2023-07-21 00:00:00,3163.42,3185.64,3157.33,3167.75,280673189888,225331363,sh000001
2023-07-24 00:00:00,3157.47,3178.73,3151.13,3164.16,260119085056,216595211,sh000001
2023-07-25 00:00:00,3201.46,3231.75,3201.46,3231.52,410846593024,348617714,sh000001
2023-07-26 00:00:00,3228.09,3229.89,3212.88,3223.03,328306917376,317206051,sh000001
2023-07-27 00:00:00,3225.48,3245.6,3210.47,3216.67,332145065984,327118867,sh000001
2023-07-28 00:00:00,3206.74,3280.28,3200.99,3275.93,436923629568,411068434,sh000001
2023-07-31 00:00:00,3287.21,3322.13,3281.01,3291.04,511505334272,459030994,sh000001
2023-08-01 00:00:00,3288.76,3305.34,3279.57,3290.95,441023332352,459890833,sh000001
2023-08-02 00:00:00,3281.86,3290.82,3252.3,3261.69,388952719360,405341499,sh000001
2023-08-03 00:00:00,3254.57,3280.86,3247.27,3280.46,389530681344,384691317,sh000001
2023-08-04 00:00:00,3296.09,3315.05,3281.73,3288.08,497188077568,470927697,sh000001
2023-08-07 00:00:00,3276.78,3276.78,3258.54,3268.83,393056944128,360341484,sh000001
2023-08-08 00:00:00,3260.72,3274.52,3246.67,3260.62,355750313984,316520733,sh000001
2023-08-09 00:00:00,3251.15,3257.08,3240.29,3244.49,309778284544,271218538,sh000001
2023-08-10 00:00:00,3242.21,3257.03,3234.12,3254.56,307263307776,287412142,sh000001
2023-08-11 00:00:00,3254.48,3254.48,3189.25,3189.25,339187138560,330137750,sh000001
2023-08-14 00:00:00,3159.71,3180.51,3141.66,3178.43,322632056832,299840327,sh000001
2023-08-15 00:00:00,3180.56,3186.23,3147.35,3176.18,300828000256,273251922,sh000001
2023-08-16 00:00:00,3164.7,3176.63,3149.72,3150.13,303611346944,281728292,sh000001
2023-08-17 00:00:00,3137.35,3167.45,3123.25,3163.74,320785481728,294692586,sh000001
2023-08-18 00:00:00,3165.1,3179.12,3131.95,3131.95,320449019904,294390352,sh000001
2023-08-21 00:00:00,3125.99,3134.96,3092.98,3092.98,293721047040,265753423,sh000001
2023-08-22 00:00:00,3103.78,3126.78,3074.53,3120.33,348637691904,309316335,sh000001
2023-08-23 00:00:00,3116.27,3116.38,3077.61,3078.4,297986359296,272244124,sh000001
2023-08-24 00:00:00,3085.91,3106.18,3072.95,3082.24,332447842304,300024637,sh000001
2023-08-25 00:00:00,3068.62,3085.05,3053.04,3064.07,317757161472,293347686,sh000001
2023-08-28 00:00:00,3219.04,3219.04,3089.12,3098.64,517234130944,485607764,sh000001
2023-08-29 00:00:00,3091.94,3145.76,3090.44,3135.89,443979431936,398875780,sh000001
2023-08-30 00:00:00,3144.41,3153.69,3126.9,3137.14,414729469952,347511867,sh000001
2023-08-31 00:00:00,3134.55,3139.98,3113.95,3119.88,362507141120,313448242,sh000001
2023-09-01 00:00:00,3126.02,3143.85,3123.19,3133.25,334739636224,292310992,sh000001
2023-09-04 00:00:00,3145.94,3177.06,3143.38,3177.06,404500283392,366391140,sh000001
2023-09-05 00:00:00,3169.74,3169.74,3150.08,3154.37,342760620032,294061849,sh000001
2023-09-06 00:00:00,3147.14,3162.15,3136.9,3158.08,324001136640,267002230,sh000001
2023-09-07 00:00:00,3152.2,3152.27,3120.82,3122.35,317186965504,269264733,sh000001
2023-09-08 00:00:00,3114.23,3126.04,3104.67,3116.72,270006714368,228125064,sh000001
2023-09-11 00:00:00,3119.61,3155.1,3113.82,3142.78,351883722752,290442917,sh000001
2023-09-12 00:00:00,3140.34,3147.51,3134.32,3137.06,281897500672,234672051,sh000001
2023-09-13 00:00:00,3137.77,3143.76,3106.97,3123.07,282015563776,249701038,sh000001
2023-09-14 00:00:00,3124.85,3135.03,3111.86,3126.55,281641844736,263990138,sh000001
2023-09-15 00:00:00,3133.59,3141.96,3107.45,3117.74,326091440128,292026365,sh000001
2023-09-18 00:00:00,3110.44,3128.7,3098.5,3125.93,299644715008,259444257,sh000001
2023-09-19 00:00:00,3123.99,3131.13,3113.53,3124.96,274062671872,253652761,sh000001
2023-09-20 00:00:00,3118.67,3122.13,3108.16,3108.57,243020005376,228124462,sh000001
2023-09-21 00:00:00,3103.18,3113.49,3084.7,3084.7,243536281600,228659100,sh000001
2023-09-22 00:00:00,3084.76,3132.56,3078.8,3132.43,321443790848,285978351,sh000001
2023-09-25 00:00:00,3131.21,3131.21,3112.15,3115.61,294635831296,258071885,sh000001
2023-09-26 00:00:00,3114.02,3120.29,3102.27,3102.27,270006124544,222644313,sh000001
2023-09-27 00:00:00,3104.04,3125.45,3103.84,3107.32,293421023232,240495830,sh000001
2023-09-28 00:00:00,3117.75,3121.84,3105.94,3110.48,288396214272,236329981,sh000001
2023-10-09 00:00:00,3100,3103.36,3072.64,3096.92,302662156288,264422205,sh000001
2023-10-10 00:00:00,3104.37,3109.98,3073.19,3075.24,293653282816,255327379,sh000001
2023-10-11 00:00:00,3085.7,3095.66,3071.94,3078.96,326562381824,259918692,sh000001
2023-10-12 00:00:00,3101.71,3109.99,3092.18,3107.9,325865897984,274827998,sh000001
2023-10-13 00:00:00,3092,3094.92,3080.55,3088.1,309538095104,255085235,sh000001
2023-10-16 00:00:00,3091.06,3091.13,3063.69,3073.81,314394214400,263882363,sh000001
2023-10-17 00:00:00,3076.43,3084.07,3064.89,3083.5,300026232832,259019588,sh000001
2023-10-18 00:00:00,3076.58,3076.58,3057.06,3058.71,310306045952,268647155,sh000001
2023-10-19 00:00:00,3043.2,3043.2,3004.77,3005.39,355069165568,304038910,sh000001
2023-10-20 00:00:00,2995.36,3006.27,2977.17,2983.06,307388383232,267113594,sh000001
2023-10-23 00:00:00,2969.79,2973.66,2923.51,2939.29,304028975104,278904128,sh000001
2023-10-24 00:00:00,2944.31,2964.76,2929.09,2962.24,339902169088,310985389,sh000001
2023-10-25 00:00:00,2986.41,2993.3,2972.42,2974.11,362846650368,332392004,sh000001
2023-10-26 00:00:00,2960.1,2990.33,2956.01,2988.3,332258836480,291814511,sh000001
2023-10-27 00:00:00,2978.4,3029.21,2974.88,3017.78,385692303360,321803717,sh000001
2023-10-30 00:00:00,3009.61,3028.26,3002.35,3021.55,439587962880,360604238,sh000001
2023-10-31 00:00:00,3019.65,3023,3006.61,3018.77,386277212160,319859967,sh000001
2023-11-01 00:00:00,3038.18,3038.33,3013.93,3023.08,347121451008,280110445,sh000001
2023-11-02 00:00:00,3028.66,3038.64,3009.12,3009.41,311936385024,268794581,sh000001
2023-11-03 00:00:00,3012.47,3040.98,3012.47,3030.8,329300475904,268486347,sh000001
2023-11-06 00:00:00,3047.13,3058.99,3037.69,3058.41,447638175744,372949630,sh000001
2023-11-07 00:00:00,3052.92,3064.58,3042.47,3057.27,401065574400,326853455,sh000001
2023-11-08 00:00:00,3051.15,3062.99,3037.29,3052.37,415289245696,335677834,sh000001
2023-11-09 00:00:00,3047.65,3063.47,3045.83,3053.28,388556750848,315621764,sh000001
2023-11-10 00:00:00,3043.56,3044,3027.09,3038.97,346913079296,285546497,sh000001
2023-11-13 00:00:00,3044.03,3048.62,3028.17,3046.53,344120033280,290430588,sh000001
2023-11-14 00:00:00,3046.82,3059.53,3044.43,3056.07,358249824256,294844733,sh000001
2023-11-15 00:00:00,3077.03,3080.13,3064.35,3072.83,389515968512,304250107,sh000001
2023-11-16 00:00:00,3066.86,3071.45,3050.93,3050.93,329364373504,271079460,sh000001
2023-11-17 00:00:00,3043.62,3055.86,3033.75,3054.37,328568602624,267606393,sh000001
2023-11-20 00:00:00,3056.93,3072.51,3043.51,3068.32,367109308416,287556998,sh000001
2023-11-21 00:00:00,3074.83,3089.77,3063.34,3067.93,391558037504,330733102,sh000001
2023-11-22 00:00:00,3060.5,3067.96,3043.61,3043.61,330385489920,289056490,sh000001
2023-11-23 00:00:00,3041.68,3062.87,3034.3,3061.86,315612528640,276592059,sh000001
2023-11-24 00:00:00,3060.33,3060.33,3037.2,3040.97,311509352448,287788413,sh000001
2023-11-27 00:00:00,3038.19,3038.36,3015.01,3031.7,350705844224,310517868,sh000001
2023-11-28 00:00:00,3028.6,3039.69,3020.23,3038.55,317303685120,268920746,sh000001
2023-11-29 00:00:00,3038.46,3038.98,3017.66,3021.69,322141192192,277956448,sh000001
2023-11-30 00:00:00,3021.1,3030.91,3013.77,3029.67,326755680256,282945357,sh000001
2023-12-01 00:00:00,3027.35,3035.76,3010.23,3031.64,335547170816,286089700,sh000001
2023-12-04 00:00:00,3033.3,3038.98,3022.35,3022.91,344279711744,288162053,sh000001
2023-12-05 00:00:00,3017.01,3017.01,2972.3,2972.3,340454473728,293943278,sh000001
2023-12-06 00:00:00,2966.95,2985.31,2959.6,2968.93,336218914816,294104187,sh000001
2023-12-07 00:00:00,2965.65,2976.01,2949.14,2966.21,348039610368,296243687,sh000001
2023-12-08 00:00:00,2965.39,2980.83,2962.33,2969.56,423492321280,369138705,sh000001
2023-12-11 00:00:00,2956.29,2995.67,2930.42,2991.44,405351596032,360216344,sh000001
2023-12-12 00:00:00,2986.33,3003.75,2980.45,3003.44,333170573312,287638762,sh000001
2023-12-13 00:00:00,2997.34,2997.34,2968.76,2968.76,331476598784,282754098,sh000001
2023-12-14 00:00:00,2979.7,2986.18,2958.07,2958.99,312658132992,271457650,sh000001
2023-12-15 00:00:00,2966.3,2976.31,2940.03,2942.56,322083684352,289327642,sh000001
2023-12-18 00:00:00,2936.58,2951.15,2924.33,2930.8,304915906560,293086999,sh000001
2023-12-19 00:00:00,2928.76,2940.5,2914.13,2932.39,283234140160,265926980,sh000001
2023-12-20 00:00:00,2932.12,2937.1,2902.04,2902.11,290838413312,265562454,sh000001
2023-12-21 00:00:00,2892.02,2924.26,2882.02,2918.71,315943780352,282541827,sh000001
2023-12-22 00:00:00,2919.29,2935.7,2906.51,2914.78,327498006528,296628367,sh000001
2023-12-25 00:00:00,2909.88,2920.63,2903.99,2918.81,261487247360,229814178,sh000001
2023-12-26 00:00:00,2917.97,2917.97,2892.84,2898.88,260220551168,228140855,sh000001
2023-12-27 00:00:00,2900.15,2917.96,2890.17,2914.61,279048617984,247900882,sh000001
2023-12-28 00:00:00,2913.11,2961.65,2909.39,2954.7,392449064960,339213116,sh000001
2023-12-29 00:00:00,2950.84,2975.03,2950.02,2974.93,349002956800,290672687,sh000001
2024-01-02 00:00:00,2972.78,2976.27,2962.28,2962.28,345950715904,304141793,sh000001
2024-01-03 00:00:00,2957.11,2971.28,2953.29,2967.25,321018396672,285455945,sh000001
2024-01-04 00:00:00,2965.51,2966.68,2936.63,2954.35,296291336192,264980924,sh000001
2024-01-05 00:00:00,2949.82,2967.97,2916.72,2929.18,325917016064,301040239,sh000001
2024-01-08 00:00:00,2923.46,2924.46,2887.54,2887.54,290730573824,270275055,sh000001
2024-01-09 00:00:00,2887.11,2900.73,2878.41,2893.25,294446366720,262955975,sh000001
2024-01-10 00:00:00,2886.98,2903.16,2870.42,2877.7,281192202240,244046526,sh000001
2024-01-11 00:00:00,2873.8,2896.18,2867.72,2886.65,298552524800,267050764,sh000001
2024-01-12 00:00:00,2880.04,2904.17,2878.88,2881.98,282877460480,261602931,sh000001
2024-01-15 00:00:00,2872.56,2904.46,2869.22,2886.29,269229735936,244611236,sh000001
2024-01-16 00:00:00,2881.56,2896.68,2861.13,2893.99,300837928960,286286714,sh000001
2024-01-17 00:00:00,2887.29,2887.49,2833.62,2833.62,283073937408,261251308,sh000001
2024-01-18 00:00:00,2822.67,2849.26,2760.98,2845.78,400709910528,390396855,sh000001
2024-01-19 00:00:00,2836.97,2849.88,2822.84,2832.28,296717058048,266664388,sh000001
2024-01-22 00:00:00,2826.5,2828.32,2735.37,2756.34,359918993408,350165758,sh000001
2024-01-23 00:00:00,2746.89,2784.84,2724.16,2770.98,312191320064,308749417,sh000001
2024-01-24 00:00:00,2782.14,2823.7,2743.4,2820.77,357316165632,369070600,sh000001
2024-01-25 00:00:00,2823.83,2906.79,2821.71,2906.11,437679816704,442009045,sh000001
2024-01-26 00:00:00,2897.91,2924.31,2890.48,2910.22,402400215040,421109084,sh000001
2024-01-29 00:00:00,2910.61,2923.9,2883.33,2883.36,397014728704,410581311,sh000001
2024-01-30 00:00:00,2866.28,2881.35,2829.25,2830.53,329254010880,335661226,sh000001
2024-01-31 00:00:00,2815.5,2834.01,2782.59,2788.55,355637002240,377103965,sh000001
2024-02-01 00:00:00,2773.42,2805.01,2752.78,2770.74,337547952128,352889185,sh000001
2024-02-02 00:00:00,2773.29,2791.68,2666.33,2730.15,392661139456,426230199,sh000001
2024-02-05 00:00:00,2716.08,2739.74,2635.09,2702.19,424877424640,478990292,sh000001
2024-02-06 00:00:00,2680.48,2802.93,2669.67,2789.49,441215057920,502849313,sh000001
2024-02-07 00:00:00,2791.51,2829.7,2770.53,2829.7,495919890432,547117439,sh000001
2024-02-08 00:00:00,2832.49,2867.47,2827.9,2865.9,482939731968,531108893,sh000001
2024-02-19 00:00:00,2886.59,2910.54,2867.71,2910.54,442148454400,458967704,sh000001
2024-02-20 00:00:00,2902.88,2927.31,2887.47,2922.73,357057495040,350138735,sh000001
2024-02-21 00:00:00,2906.02,2994.61,2898.05,2950.96,450922053632,444245463,sh000001
2024-02-22 00:00:00,2945.45,2988.36,2944.5,2988.36,365264207872,354132536,sh000001
2024-02-23 00:00:00,2992.91,3009.14,2979.97,3004.88,398232223744,380083270,sh000001
2024-02-26 00:00:00,3002.12,3009.48,2967.06,2977.02,427564892160,409026558,sh000001
2024-02-27 00:00:00,2966.42,3015.48,2961.15,3015.48,412614983680,372984687,sh000001
2024-02-28 00:00:00,3016.26,3031.49,2957.85,2957.85,576555253760,544109093,sh000001
2024-02-29 00:00:00,2943.62,3015.17,2943.62,3015.17,452808736768,409696374,sh000001
2024-03-01 00:00:00,3013.82,3032.23,3003.76,3027.02,442984235008,379132184,sh000001
2024-03-04 00:00:00,3026.61,3040.34,3007.68,3039.31,461727531008,387760002,sh000001
2024-03-05 00:00:00,3027.1,3052.54,3022.18,3047.79,458900471808,383509955,sh000001
2024-03-06 00:00:00,3041.75,3060.56,3034.35,3039.93,401334632448,340982739,sh000001
2024-03-07 00:00:00,3040.21,3063.69,3023.12,3027.4,423391264768,377154391,sh000001
2024-03-08 00:00:00,3026.17,3049.19,3016.9,3046.02,370647465984,319204392,sh000001
2024-03-11 00:00:00,3042.62,3068.46,3035.45,3068.46,427851350016,361608821,sh000001
2024-03-12 00:00:00,3068.18,3075.13,3044.86,3055.94,494558511104,415743914,sh000001
2024-03-13 00:00:00,3053.34,3061.95,3031.9,3043.83,442453950464,365047453,sh000001
2024-03-14 00:00:00,3042.41,3060,3020.64,3038.23,436338851840,364072290,sh000001
2024-03-15 00:00:00,3031.52,3056.45,3023.22,3054.64,405917696000,360268463,sh000001
2024-03-18 00:00:00,3057.21,3085.31,3055.92,3084.93,485520637952,406653508,sh000001
2024-03-19 00:00:00,3077.98,3090.05,3062.63,3062.76,446930649088,384123680,sh000001
2024-03-20 00:00:00,3058.65,3081.75,3056.65,3079.69,407432560640,349187729,sh000001
2024-03-21 00:00:00,3084.41,3090.05,3069.27,3077.11,437634629632,366877968,sh000001
2024-03-22 00:00:00,3070.55,3073.21,3027.76,3048.03,456762458112,394740486,sh000001
2024-03-25 00:00:00,3040.5,3065.26,3026.31,3026.31,443472347136,387485389,sh000001
2024-03-26 00:00:00,3026.92,3036.49,3006.26,3031.48,396410716160,345928787,sh000001
2024-03-27 00:00:00,3026.81,3030.45,2993.14,2993.14,376242896896,343198010,sh000001
2024-03-28 00:00:00,2988.59,3033.37,2984.12,3010.66,392929083392,353200026,sh000001
2024-03-29 00:00:00,3008.38,3041.3,3008.17,3041.17,364571197440,334822785,sh000001
2024-04-01 00:00:00,3049.02,3078.49,3049.02,3077.38,420902010880,375393640,sh000001
2024-04-02 00:00:00,3076.88,3085.54,3063.98,3074.96,396705824768,367304262,sh000001
2024-04-03 00:00:00,3074.89,3079.02,3057.4,3069.3,392704393216,363211380,sh000001
2024-04-08 00:00:00,3057.33,3077.35,3045.47,3047.05,421808406528,402936740,sh000001
2024-04-09 00:00:00,3044.61,3051.59,3033.21,3048.54,347834679296,333489965,sh000001
2024-04-10 00:00:00,3045.96,3049.61,3013.59,3027.33,364717834240,348991721,sh000001
2024-04-11 00:00:00,3013.57,3050.34,3009.9,3034.25,364147834880,340894392,sh000001
2024-04-12 00:00:00,3035.58,3043.56,3014.83,3019.47,363119181824,334229771,sh000001
2024-04-15 00:00:00,3013.67,3066.94,2995.54,3057.38,459849039872,461239244,sh000001
2024-04-16 00:00:00,3043.55,3052.43,3005.34,3007.07,435170803712,448070473,sh000001
2024-04-17 00:00:00,3008.06,3071.38,3002.06,3071.38,416254656512,413358368,sh000001
2024-04-18 00:00:00,3060.03,3102.55,3057.76,3074.22,441432080384,416321349,sh000001
2024-04-19 00:00:00,3060.3,3080.32,3055.06,3065.26,396614926336,375543855,sh000001
2024-04-22 00:00:00,3059.06,3078.42,3042.54,3044.6,382192254976,357216399,sh000001
2024-04-23 00:00:00,3038.61,3044.94,3016.52,3021.98,348651749376,325595128,sh000001
2024-04-24 00:00:00,3029.4,3045.64,3019.12,3044.82,335157362688,305264093,sh000001
2024-04-25 00:00:00,3037.93,3060.26,3034.65,3052.9,315797667840,292280148,sh000001
2024-04-26 00:00:00,3054.98,3092.43,3054.98,3088.64,484160077824,439382563,sh000001
2024-04-29 00:00:00,3086.68,3119.69,3080.59,3113.04,554918805504,506925445,sh000001
2024-04-30 00:00:00,3110.16,3123.29,3104.29,3104.82,473803227136,440213213,sh000001
2024-05-06 00:00:00,3132.51,3142.38,3126.77,3140.72,511256133632,450656899,sh000001
2024-05-07 00:00:00,3139.66,3151.22,3133.69,3147.74,426951671808,379102564,sh000001
2024-05-08 00:00:00,3141.49,3144.99,3126.17,3128.48,367220129792,334000320,sh000001
2024-05-09 00:00:00,3128.16,3158.46,3128.16,3154.32,398979072000,360881462,sh000001
2024-05-10 00:00:00,3158.59,3163.14,3137.15,3154.55,406707830784,384287495,sh000001
2024-05-13 00:00:00,3139.48,3157.37,3126.17,3148.02,425963094016,397030565,sh000001
2024-05-14 00:00:00,3148.85,3155.81,3137.61,3145.77,370069667840,343526194,sh000001
2024-05-15 00:00:00,3141.25,3142.97,3117.93,3119.9,333005619200,321027962,sh000001
2024-05-16 00:00:00,3127.18,3137.88,3116.16,3122.4,377502924800,367417361,sh000001
2024-05-17 00:00:00,3121.71,3154.03,3116.78,3154.03,389572558848,383915244,sh000001
2024-05-20 00:00:00,3156.15,3174.27,3155.99,3171.15,448816906240,426867280,sh000001
2024-05-21 00:00:00,3164.68,3165.22,3148.34,3157.97,346584186880,335783572,sh000001
2024-05-22 00:00:00,3157.19,3166.92,3152.46,3158.54,364137840640,354098082,sh000001
2024-05-23 00:00:00,3149.88,3150.63,3110.28,3116.39,356689477632,353943727,sh000001
2024-05-24 00:00:00,3110.75,3130.42,3087.79,3088.87,322748612608,306532279,sh000001
2024-05-27 00:00:00,3094.14,3125.51,3091.99,3124.04,345383763968,319396765,sh000001
2024-05-28 00:00:00,3122.39,3130.31,3106.36,3109.57,320985399296,310066974,sh000001
2024-05-29 00:00:00,3108.03,3128.14,3100.98,3111.02,297512173568,289970346,sh000001
2024-05-30 00:00:00,3103.71,3121.22,3085.38,3091.68,318475173888,302380762,sh000001
2024-05-31 00:00:00,3094.76,3107.6,3086.81,3086.81,301121896448,276072816,sh000001
2024-06-03 00:00:00,3085.98,3097.2,3061.28,3078.49,367608365056,357563362,sh000001
2024-06-04 00:00:00,3071.32,3095.32,3063.59,3091.2,325589696512,309287598,sh000001
2024-06-05 00:00:00,3086.05,3092.35,3064.74,3065.4,299722768384,290542344,sh000001
2024-06-06 00:00:00,3069.44,3077.67,3040.83,3048.79,371317014528,369867104,sh000001
2024-06-07 00:00:00,3053.92,3065.02,3031.04,3051.28,318911086592,316342484,sh000001
2024-06-11 00:00:00,3042.13,3043.2,3013.86,3028.05,332683378688,310481942,sh000001
2024-06-12 00:00:00,3025.3,3042.04,3021.31,3037.47,312058609664,279452106,sh000001
2024-06-13 00:00:00,3038.09,3040.4,3022.82,3028.92,336871030784,297862463,sh000001
2024-06-14 00:00:00,3020.96,3037.9,3011.58,3032.63,396194709504,348746753,sh000001
2024-06-17 00:00:00,3017.72,3026.62,3012.05,3015.89,338146885632,295763448,sh000001
2024-06-18 00:00:00,3015.07,3031.98,3012.52,3030.25,317320003584,273625999,sh000001
2024-06-19 00:00:00,3029.1,3030.23,3015.33,3018.05,300290277376,261296248,sh000001
2024-06-20 00:00:00,3015.72,3028.51,3001.77,3005.44,324101275648,295515907,sh000001
2024-06-21 00:00:00,2998.24,3011.91,2985.93,2998.14,280275386368,255001251,sh000001
2024-06-24 00:00:00,2982.83,2990.64,2960.13,2963.1,318595825664,298653884,sh000001
2024-06-25 00:00:00,2962.77,2971.65,2935.54,2950,296569307136,273209938,sh000001
2024-06-26 00:00:00,2943.45,2976.67,2933.33,2972.53,276215169024,282388409,sh000001
2024-06-27 00:00:00,2962.7,2963.06,2944.9,2945.85,266670981120,270548519,sh000001
2024-06-28 00:00:00,2940.3,2985.47,2939.98,2967.4,313347014656,315201432,sh000001
2024-07-01 00:00:00,2965.25,2996.41,2961.86,2994.73,294321881088,297782235,sh000001
2024-07-02 00:00:00,2992.86,3004.99,2989.47,2997.01,282559381504,281364683,sh000001
2024-07-03 00:00:00,2995.66,2998.54,2978.07,2982.38,257840300032,246284642,sh000001
2024-07-04 00:00:00,2984.83,2995.57,2955.29,2957.57,259006709760,274268789,sh000001
2024-07-05 00:00:00,2954.37,2957.11,2920.2,2949.93,271508930560,272324556,sh000001
2024-07-08 00:00:00,2939.84,2947.61,2917.23,2922.45,270872018944,277533424,sh000001
2024-07-09 00:00:00,2919.57,2963.78,2904.04,2959.37,320361103360,315062031,sh000001
2024-07-10 00:00:00,2949.03,2958.86,2935.33,2939.36,306035261440,301549456,sh000001
2024-07-11 00:00:00,2957.25,2971.36,2947.4,2970.39,337653170176,328372424,sh000001
2024-07-12 00:00:00,2965.61,2977.14,2963.3,2971.3,302581579776,303713014,sh000001
2024-07-15 00:00:00,2963.85,2977.31,2959.13,2974.01,268733333504,268992597,sh000001
2024-07-16 00:00:00,2963.9,2977.36,2959.67,2976.3,279121362944,260783630,sh000001
2024-07-17 00:00:00,2970.81,2972.79,2957.95,2962.85,305469095936,282307991,sh000001
2024-07-18 00:00:00,2951.14,2978.09,2937.9,2977.13,301283737600,278022665,sh000001
2024-07-19 00:00:00,2963.51,2986.24,2955.12,2982.31,319112445952,280932413,sh000001
2024-07-22 00:00:00,2978.19,2978.6,2946.56,2964.22,316415475712,278749559,sh000001
2024-07-23 00:00:00,2960.5,2960.5,2915.37,2915.37,307194036224,296295994,sh000001
2024-07-24 00:00:00,2909.15,2922.03,2894.29,2901.95,288660357120,306118853,sh000001
2024-07-25 00:00:00,2891.89,2897.77,2872.85,2886.74,273281630208,274639500,sh000001
2024-07-26 00:00:00,2886,2899.12,2875.4,2890.9,275443449856,278387536,sh000001
2024-07-29 00:00:00,2889.47,2898.95,2878.58,2891.85,260094902272,256899727,sh000001
2024-07-30 00:00:00,2885.22,2885.22,2865.15,2879.3,269477478400,262478837,sh000001
2024-07-31 00:00:00,2877.54,2940.59,2876.3,2938.75,418871738368,412723417,sh000001
2024-08-01 00:00:00,2940.12,2947.88,2928.83,2932.39,352586104832,346621137,sh000001
2024-08-02 00:00:00,2913.02,2931.26,2902.72,2905.34,314917978112,312205039,sh000001
2024-08-05 00:00:00,2889.36,2919.03,2860.7,2860.7,356863016960,355540572,sh000001
2024-08-06 00:00:00,2878.65,2888.2,2845.34,2867.28,295835566080,297300803,sh000001
2024-08-07 00:00:00,2864.01,2886.94,2857.72,2869.83,263793655808,263097150,sh000001
2024-08-08 00:00:00,2864.76,2886.4,2850.87,2869.9,271107915776,289128632,sh000001
2024-08-09 00:00:00,2879.87,2887.85,2862.19,2862.19,252884025344,284253916,sh000001
2024-08-12 00:00:00,2858.89,2869.27,2851.3,2858.2,217626689536,244241371,sh000001
2024-08-13 00:00:00,2860.41,2867.95,2845.31,2867.95,210908512256,231674601,sh000001
2024-08-14 00:00:00,2866.24,2866.24,2850.4,2850.65,207457550336,217885170,sh000001
2024-08-15 00:00:00,2844.2,2889.09,2839.39,2877.36,254987108352,271900000,sh000001
2024-08-16 00:00:00,2877.94,2888.68,2873.06,2879.43,243608272896,263653441,sh000001
2024-08-19 00:00:00,2877.95,2905.15,2877.77,2893.67,242994888704,261687730,sh000001
2024-08-20 00:00:00,2895.55,2896.52,2855.33,2866.66,237307805696,263658002,sh000001
2024-08-21 00:00:00,2858.94,2863.89,2848.15,2856.58,209909186560,229200027,sh000001
2024-08-22 00:00:00,2856.2,2861.61,2845.5,2848.77,230124077056,245399415,sh000001
2024-08-23 00:00:00,2844.77,2860.73,2839.34,2854.37,214581903360,226692565,sh000001
2024-08-26 00:00:00,2855.47,2860.65,2844.38,2855.52,216806653952,227351523,sh000001
2024-08-27 00:00:00,2850.88,2853.78,2843.16,2848.73,215686332416,230693006,sh000001
2024-08-28 00:00:00,2844.33,2852.56,2830.96,2837.43,213862367232,228730623,sh000001
2024-08-29 00:00:00,2829.45,2831.43,2815.38,2823.11,257644232704,277510534,sh000001
2024-08-30 00:00:00,2819.65,2867.96,2817.01,2842.21,384092897280,397516975,sh000001
2024-09-02 00:00:00,2832.35,2839.28,2810.37,2811.04,314813022208,340714193,sh000001
2024-09-03 00:00:00,2809.17,2814.9,2794.91,2802.98,252782477312,275736139,sh000001
2024-09-04 00:00:00,2786.5,2800.61,2781.94,2784.28,234711695360,257453500,sh000001
2024-09-05 00:00:00,2785.26,2796.02,2777.47,2788.31,227514499072,242040948,sh000001
2024-09-06 00:00:00,2791.76,2804.09,2765.64,2765.81,228570136576,253645375,sh000001
2024-09-09 00:00:00,2754.72,2756.56,2726.97,2736.49,236605849600,261468847,sh000001
2024-09-10 00:00:00,2737.88,2750.12,2718.63,2744.19,226408497152,262159015,sh000001
2024-09-11 00:00:00,2732.73,2732.73,2710.62,2721.8,219755954176,242264900,sh000001
2024-09-12 00:00:00,2722.14,2734.68,2716.56,2717.12,218571096064,240084315,sh000001
2024-09-13 00:00:00,2718.99,2728.78,2703.37,2704.09,227818799104,251270038,sh000001
2024-09-18 00:00:00,2705.35,2724.11,2689.7,2717.28,213090582528,247817132,sh000001
2024-09-19 00:00:00,2723.21,2747.74,2697.78,2736.02,280536055808,315208389,sh000001
2024-09-20 00:00:00,2734.23,2741.16,2717.95,2736.81,255433326592,285644627,sh000001
2024-09-23 00:00:00,2735.39,2760.48,2731.36,2748.92,235214503936,257642154,sh000001
2024-09-24 00:00:00,2770.75,2863.15,2761.37,2863.13,442795294720,477619545,sh000001
2024-09-25 00:00:00,2901.42,2952.45,2889.05,2896.31,516698079232,568259816,sh000001
2024-09-26 00:00:00,2893.75,3000.95,2889.01,3000.95,524669059072,576319261,sh000001
2024-09-27 00:00:00,3049.1,3087.53,3017.45,3087.53,480612548608,492287163,sh000001
2024-09-30 00:00:00,3194.72,3358.59,3153.7,3336.5,1167772614656,1102337917,sh000001
2024-10-08 00:00:00,3674.4,3674.4,3372.19,3489.78,1510513311744,1313460195,sh000001
2024-10-09 00:00:00,3427.22,3437.16,3249.16,3258.86,1264311468032,992757256,sh000001
2024-10-10 00:00:00,3277.69,3379.81,3228.12,3301.93,947788513280,834500257,sh000001
2024-10-11 00:00:00,3287.87,3297.75,3187.99,3217.74,664332795904,606027433,sh000001
2024-10-14 00:00:00,3241.43,3294.62,3203.9,3284.32,701499244544,631466859,sh000001
2024-10-15 00:00:00,3265.75,3285.21,3201.29,3201.29,619091460096,566054558,sh000001
2024-10-16 00:00:00,3169.17,3236.85,3167.74,3202.95,533062418432,515813997,sh000001
2024-10-17 00:00:00,3220.73,3241.57,3169.38,3169.38,557347373056,528611772,sh000001
2024-10-18 00:00:00,3165.97,3313.98,3152.82,3261.56,827948924928,693014623,sh000001
2024-10-21 00:00:00,3276.06,3300.66,3239.1,3268.11,855781474304,668150299,sh000001
2024-10-22 00:00:00,3263.82,3294.96,3255.14,3285.87,698861486080,574913781,sh000001
2024-10-23 00:00:00,3285.25,3331.08,3277.07,3302.8,760066408448,650444128,sh000001
2024-10-24 00:00:00,3287.82,3292.94,3266.88,3280.26,585248931840,519827074,sh000001
2024-10-25 00:00:00,3280.76,3319.36,3276.13,3299.7,677255315456,595651707,sh000001
2024-10-28 00:00:00,3300.46,3322.2,3279.72,3322.2,717510213632,672373131,sh000001
2024-10-29 00:00:00,3328.09,3340.46,3284.21,3286.41,806573834240,725326154,sh000001
2024-10-30 00:00:00,3273.64,3291.68,3244.81,3266.24,730619772928,669018090,sh000001
2024-10-31 00:00:00,3267.98,3295.74,3252.39,3279.82,864970997760,784649094,sh000001
2024-11-01 00:00:00,3275.58,3305.32,3258.73,3272.01,878112800768,852055320,sh000001
2024-11-04 00:00:00,3275.68,3310.21,3263.84,3310.21,692341768192,665077454,sh000001
2024-11-05 00:00:00,3306.81,3386.99,3302.05,3386.99,929931460608,821124902,sh000001
2024-11-06 00:00:00,3395.22,3421,3367.08,3383.81,1026807627776,895855930,sh000001
2024-11-07 00:00:00,3359.99,3470.66,3356.26,3470.66,1048841289728,959556680,sh000001
2024-11-08 00:00:00,3502.13,3509.82,3443.19,3452.3,1107932348416,964034562,sh000001
2024-11-11 00:00:00,3432.37,3471.12,3416.73,3470.07,1024334888960,818025436,sh000001
2024-11-12 00:00:00,3469.89,3489.42,3402.04,3421.97,1039600844800,817926524,sh000001
2024-11-13 00:00:00,3406.92,3442.3,3404.53,3439.28,829435346944,673662348,sh000001
2024-11-14 00:00:00,3429.51,3441.77,3376.15,3379.84,762884194304,631556690,sh000001
2024-11-15 00:00:00,3369.81,3391.32,3330.73,3330.73,745937108992,630285583,sh000001
2024-11-18 00:00:00,3344.69,3386.9,3309.01,3323.85,755809648640,743950692,sh000001
2024-11-19 00:00:00,3324.88,3346.76,3284.13,3346.01,651575361536,625024151,sh000001
2024-11-20 00:00:00,3337.68,3375.25,3333,3367.99,627858341888,566154289,sh000001
2024-11-21 00:00:00,3362.94,3378.52,3348.86,3370.4,614517440512,530331830,sh000001
2024-11-22 00:00:00,3368.04,3372,3267.19,3267.19,707626467328,630687790,sh000001
2024-11-25 00:00:00,3274.88,3285.46,3232.92,3263.76,596502118400,538897390,sh000001
2024-11-26 00:00:00,3256.86,3285.33,3252.87,3259.76,509490593792,472219304,sh000001
2024-11-27 00:00:00,3250.59,3309.88,3227.36,3309.78,571617574912,511202303,sh000001
2024-11-28 00:00:00,3308.28,3319.26,3290.36,3295.7,558164148224,511953047,sh000001
2024-11-29 00:00:00,3295.21,3357.5,3293.69,3326.46,663851499520,580227102,sh000001
2024-12-02 00:00:00,3328.48,3369.3,3323.01,3363.98,709509513216,668477762,sh000001
2024-12-03 00:00:00,3366.29,3386.62,3348.37,3378.81,683982585856,663030139,sh000001
2024-12-04 00:00:00,3376.57,3388.02,3352.94,3364.65,653467516928,621028862,sh000001
2024-12-05 00:00:00,3353.06,3377.06,3353.06,3368.86,565551104000,543885746,sh000001
2024-12-06 00:00:00,3370.94,3418.26,3364.21,3404.08,685981040640,698186572,sh000001
2024-12-09 00:00:00,3402.63,3426.65,3385.96,3402.53,649443213312,694905205,sh000001
2024-12-10 00:00:00,3490.29,3494.87,3417.77,3422.66,860484009984,794668034,sh000001
2024-12-11 00:00:00,3416.09,3437.81,3416.09,3432.49,692929626112,681544610,sh000001
2024-12-12 00:00:00,3432.28,3464.12,3425.98,3461.5,734169006080,700096689,sh000001
2024-12-13 00:00:00,3442.93,3442.93,3390.75,3391.88,850714886144,777464144,sh000001
2024-12-16 00:00:00,3390.08,3401.93,3376.54,3386.33,675237462016,625578996,sh000001
2024-12-17 00:00:00,3381.81,3396.21,3357.77,3361.49,584789327872,568941505,sh000001
2024-12-18 00:00:00,3371.3,3396.46,3371.3,3382.21,539790671872,512524979,sh000001
2024-12-19 00:00:00,3355.9,3377.53,3346.47,3370.03,559131000832,513909063,sh000001
2024-12-20 00:00:00,3364.48,3390.62,3362.82,3368.07,596821934080,490964621,sh000001
2024-12-23 00:00:00,3367.9,3384.99,3348.28,3351.26,623117795328,556747248,sh000001
2024-12-24 00:00:00,3353.54,3394.9,3352.95,3393.53,530758041600,471992673,sh000001
2024-12-25 00:00:00,3395.11,3406.21,3374.01,3393.35,522168238080,471315592,sh000001
2024-12-26 00:00:00,3389.34,3401.1,3380.26,3398.08,518937018368,422177271,sh000001
2024-12-27 00:00:00,3397.29,3418.95,3388.32,3400.14,586090414080,500488130,sh000001
2024-12-30 00:00:00,3395.4,3412.84,3394.96,3407.33,522245341184,455262383,sh000001
2024-12-31 00:00:00,3406.97,3413.45,3351.76,3351.76,562584223744,502731062,sh000001
2025-01-02 00:00:00,3347.94,3351.72,3242.09,3262.56,603340537856,561375199,sh000001
2025-01-03 00:00:00,3267.08,3273.57,3205.78,3211.43,523159764992,517592014,sh000001
2025-01-06 00:00:00,3209.78,3219.49,3185.46,3206.92,444188196864,430978403,sh000001
2025-01-07 00:00:00,3203.31,3230.85,3190.46,3229.64,436388397056,409660529,sh000001
2025-01-08 00:00:00,3218.86,3246.29,3175.72,3230.17,508148449280,472864390,sh000001
2025-01-09 00:00:00,3220.72,3228.97,3205.91,3211.39,434445516800,382943557,sh000001
2025-01-10 00:00:00,3211.71,3220.11,3168.52,3168.52,465939365888,403663348,sh000001
2025-01-13 00:00:00,3148.83,3172.7,3140.98,3160.76,411773992960,372742023,sh000001
2025-01-14 00:00:00,3165.16,3245.22,3159.43,3240.94,538983825408,469212704,sh000001
2025-01-15 00:00:00,3234.72,3245.9,3222.24,3227.12,466216157184,404723199,sh000001
2025-01-16 00:00:00,3239.03,3265.28,3217.1,3236.03,499055427584,430655539,sh000001
2025-01-17 00:00:00,3226.76,3256.51,3219.77,3241.82,456553136128,383599260,sh000001
2025-01-20 00:00:00,3256.15,3268.26,3238.12,3244.38,469741043712,403337948,sh000001
2025-01-21 00:00:00,3256.83,3258.61,3229.07,3242.62,468263370752,384583718,sh000001
2025-01-22 00:00:00,3235.49,3235.5,3203.38,3213.62,452312858624,364817518,sh000001
2025-01-23 00:00:00,3237.6,3273.52,3229.57,3230.16,539800600576,458246803,sh000001
2025-01-24 00:00:00,3222.88,3260.01,3221.71,3252.63,480685064192,398653033,sh000001
2025-01-27 00:00:00,3256.61,3274.39,3250.6,3250.6,450231533568,387467642,sh000001
2025-02-05 00:00:00,3270.16,3271.02,3220.28,3229.49,521103015936,406388181,sh000001
2025-02-06 00:00:00,3226.58,3271.43,3225.85,3270.66,590421688320,460842730,sh000001
2025-02-07 00:00:00,3269.23,3324.43,3262.51,3303.67,757613789184,600558451,sh000001
2025-02-10 00:00:00,3308.04,3325.36,3299.24,3322.17,677038129152,546589749,sh000001
2025-02-11 00:00:00,3323.67,3324.17,3304.44,3318.06,632166678528,511943541,sh000001
2025-02-12 00:00:00,3312.26,3346.39,3310.39,3346.39,647387611136,513437828,sh000001
2025-02-13 00:00:00,3343.23,3359.18,3332.48,3332.48,705799782400,568631161,sh000001
2025-02-14 00:00:00,3328.48,3349.08,3322.53,3346.72,667555397632,532332965,sh000001
2025-02-17 00:00:00,3355.42,3357.12,3333.19,3355.83,750113062912,589546569,sh000001
2025-02-18 00:00:00,3348.98,3366.01,3314.3,3324.49,696798806016,562679240,sh000001
2025-02-19 00:00:00,3320.78,3352.09,3320.58,3351.54,675146366976,502912965,sh000001
2025-02-20 00:00:00,3347.59,3355.56,3338.03,3350.78,670099046400,504357114,sh000001
2025-02-21 00:00:00,3356.69,3381.06,3339.03,3379.11,855656955904,608190206,sh000001
2025-02-24 00:00:00,3374.08,3384.81,3355.87,3373.03,802847064064,598188203,sh000001
2025-02-25 00:00:00,3345.65,3369.56,3337.84,3346.04,727509762048,527578562,sh000001
2025-02-26 00:00:00,3351.21,3380.21,3351.21,3380.21,747887329280,553992031,sh000001
2025-02-27 00:00:00,3378.45,3388.78,3353.57,3388.06,774059982848,575815020,sh000001
2025-02-28 00:00:00,3374.66,3383.19,3318.72,3320.9,758054912000,568319504,sh000001
2025-03-03 00:00:00,3328.4,3349.02,3304.59,3316.93,643980656640,502417862,sh000001
2025-03-04 00:00:00,3300.5,3327.82,3297.53,3324.21,568728420352,429996111,sh000001
2025-03-05 00:00:00,3324.7,3342.71,3314.15,3341.96,587767611392,460952696,sh000001
2025-03-06 00:00:00,3353.57,3387.05,3348.68,3381.1,736438124544,539992709,sh000001
2025-03-07 00:00:00,3373.18,3390.94,3363.93,3372.55,687879028736,517663551,sh000001
2025-03-10 00:00:00,3373.26,3375.8,3347.19,3366.16,595026444288,450380832,sh000001
2025-03-11 00:00:00,3335.44,3379.83,3334.83,3379.83,592285794304,448468323,sh000001
2025-03-12 00:00:00,3385.69,3392.41,3370.22,3371.92,648501657600,502195100,sh000001
2025-03-13 00:00:00,3371.09,3377.12,3341.12,3358.73,636211625984,519013479,sh000001
2025-03-14 00:00:00,3361.69,3421.23,3360.61,3419.56,750041628672,582663388,sh000001
2025-03-17 00:00:00,3430.81,3436.35,3422.46,3426.13,639349948416,515685138,sh000001
2025-03-18 00:00:00,3434.57,3437.07,3423.3,3429.76,586338205696,454916063,sh000001
2025-03-19 00:00:00,3424.17,3439.05,3414.59,3426.43,559970189312,440316299,sh000001
2025-03-20 00:00:00,3425.22,3427.05,3404.66,3408.95,565607596032,451630682,sh000001
2025-03-21 00:00:00,3401.76,3414.71,3355.84,3364.83,623163998208,520862630,sh000001
2025-03-24 00:00:00,3364.83,3373.69,3340.24,3370.03,586745446400,513310260,sh000001
2025-03-25 00:00:00,3370,3379.99,3361.05,3369.98,516435673088,456357393,sh000001
2025-03-26 00:00:00,3365.67,3382.34,3365.67,3368.7,485185617920,428533770,sh000001
2025-03-27 00:00:00,3362.71,3394.03,3351.17,3373.75,496457121792,414776314,sh000001
2025-03-28 00:00:00,3372.04,3375.05,3346.08,3351.31,468807614464,412284289,sh000001
2025-03-31 00:00:00,3343.34,3361.74,3317.74,3335.75,531475791872,472571978,sh000001
2025-04-01 00:00:00,3340.71,3357.62,3338.78,3348.44,499415678976,422588670,sh000001
2025-04-02 00:00:00,3344.17,3361.13,3343.12,3350.13,411666055168,350127364,sh000001
2025-04-03 00:00:00,3319.61,3358.43,3319.61,3342.01,486510428160,400517827,sh000001
2025-04-07 00:00:00,3193.1,3217.78,3040.69,3096.58,735367331840,662199584,sh000001
2025-04-08 00:00:00,3094.26,3145.55,3085.12,3145.55,730166132736,662242387,sh000001
2025-04-09 00:00:00,3110.01,3186.81,3070.08,3186.81,755430260736,684797174,sh000001
2025-04-10 00:00:00,3227.84,3239.94,3201.57,3223.64,682356572160,591208273,sh000001
2025-04-11 00:00:00,3219.51,3249.85,3211.35,3238.23,580791369728,475531804,sh000001
2025-04-14 00:00:00,3251.98,3272.72,3244.73,3262.81,543811436544,471373220,sh000001
2025-04-15 00:00:00,3260.69,3268.98,3246.34,3267.66,456332607488,396662895,sh000001
2025-04-16 00:00:00,3267.67,3276,3233.79,3276,489200680960,429534854,sh000001
2025-04-17 00:00:00,3261.72,3285.92,3258.15,3280.34,442596753408,382012698,sh000001
2025-04-18 00:00:00,3270.35,3283.09,3262.39,3276.73,380313468928,358836193,sh000001
2025-04-21 00:00:00,3273.14,3298.64,3270.01,3291.43,429391675392,379307588,sh000001
2025-04-22 00:00:00,3289.17,3311.15,3288.33,3299.76,452675436544,403167615,sh000001
2025-04-23 00:00:00,3308.15,3312.19,3293.06,3296.36,486209323008,411633212,sh000001
2025-04-24 00:00:00,3295.15,3313.51,3286.24,3297.29,434706022400,392844749,sh000001
2025-04-25 00:00:00,3300.39,3305.26,3288.75,3295.06,445417619456,411043192,sh000001
2025-04-28 00:00:00,3292.06,3296.93,3279.88,3288.41,441916391424,410665863,sh000001
2025-04-29 00:00:00,3281.45,3294.98,3277.63,3286.65,430881046528,388961672,sh000001
2025-04-30 00:00:00,3284.08,3292.2,3277.55,3279.03,505572589568,435794335,sh000001
2025-05-06 00:00:00,3295.25,3316.45,3286.99,3316.11,551825047552,474369617,sh000001
2025-05-07 00:00:00,3354.97,3356.69,3324.81,3342.67,595230064640,511159606,sh000001
2025-05-08 00:00:00,3331.21,3359.73,3327.9,3352,501611364352,428377766,sh000001
2025-05-09 00:00:00,3350.41,3351.22,3335.13,3342,464862347264,398909191,sh000001
2025-05-12 00:00:00,3352.97,3372.47,3344.27,3369.24,522080714752,418239910,sh000001
2025-05-13 00:00:00,3386.23,3386.23,3370.25,3374.87,506608943104,426240700,sh000001
2025-05-14 00:00:00,3374.24,3417.31,3368.08,3403.95,534872948736,464934441,sh000001
2025-05-15 00:00:00,3398.43,3402.87,3378.02,3380.82,461292240896,424100916,sh000001
2025-05-16 00:00:00,3374.71,3380.29,3356.66,3367.46,435647053824,395401030,sh000001
2025-05-19 00:00:00,3365.88,3373.6,3356.65,3367.58,437177581568,403074805,sh000001
2025-05-20 00:00:00,3371.69,3387.8,3369.96,3380.48,450290483200,405544534,sh000001
2025-05-21 00:00:00,3380.21,3394.75,3380.21,3387.57,465956995072,412496165,sh000001
2025-05-22 00:00:00,3381.87,3390.59,3376.23,3380.19,438334521344,394217206,sh000001
2025-05-23 00:00:00,3376.87,3389.47,3348.37,3348.37,468587872256,400227004,sh000001
